stage,users,items,interactions,density,sparsity
before_filtering,377797,36514,2734204,0.0001982,0.9998018
after_kcore,79153,20700,1928959,0.00117729,0.99882271
