matrix,users,items,interactions,density,sparsity
all_dedup,377799,36514,2734350,0.00019821,0.99980179
explicit_dedup,267821,36182,1229059,0.00012683,0.99987317
date_added,377797,36514,2734204,0.0001982,0.9998018
