model,k,users_evaluated,precision_at_k,recall_at_k,ndcg_at_k
pure_lightfm,10,79153,0.088992205,0.2411814115570039,0.20412913492932713
hybrid_lightfm,10,79153,0.084923,0.227997,0.188892
lightgcn,10,79153,0.05604209568809774,0.16501741079717064,0.13771046367820244
popularity,10,79153,0.05103280987454677,0.15533876572925318,0.1295170567198977
bpr_mf,10,79153,0.03395322982072694,0.08397656545437258,0.07270869479682016
