{
  "items": 20700,
  "features_total": 1247,
  "features_genre_count": 5,
  "features_author_count": 1212,
  "features_year_count": 30,
  "avg_features_per_item": 4.0418,
  "feature_density": 0.00324121,
  "feature_sparsity": 0.99675879,
  "empty_items": 0,
  "empty_items_pct": 0.0,
  "authors_total": 14734,
  "authors_kept": 1212,
  "authors_removed": 13522,
  "author_min_books": 5,
  "genres_nonlist": 0,
  "decade_distribution": {
    "year:2010s": 6621,
    "year:2000s": 6607,
    "year:1960s": 337,
    "year:1980s": 901,
    "year:unknown": 2577,
    "year:1990s": 2831,
    "year:1970s": 562,
    "year:1370s": 7,
    "year:1920s": 21,
    "year:1930s": 37,
    "year:1940s": 38,
    "year:1910s": 12,
    "year:1890s": 4,
    "year:1950s": 105,
    "year:1680s": 1,
    "year:1840s": 3,
    "year:1900s": 6,
    "year:1810s": 2,
    "year:1320s": 1,
    "year:2200s": 2,
    "year:2020s": 1,
    "year:1380s": 12,
    "year:1870s": 1,
    "year:140s": 1,
    "year:1830s": 1,
    "year:1770s": 1,
    "year:1390s": 4,
    "year:1880s": 2,
    "year:1360s": 1,
    "year:1430s": 1
  }
}