embedding_size,n_layers,reg_weight,recall@10,mrr@10,ndcg@10,hit@10,precision@10
32,1,0.0001,0.186700,0.383400,0.217500,0.681900,0.145600
32,2,0.0001,0.187800,0.369900,0.211900,0.684000,0.141500
64,1,0.0001,0.200100,0.417900,0.238200,0.710500,0.160100
64,2,0.0001,0.136000,0.280300,0.151100,0.596000,0.104100
