seed,recall@10,mrr@10,ndcg@10,hit@10,precision@10
2020,0.185300,0.376000,0.211600,0.681900,0.140600
2021,0.215600,0.440300,0.259100,0.734900,0.178800
2022,0.254900,0.476000,0.291100,0.796400,0.199200
2023,0.181600,0.368900,0.208700,0.672300,0.143700
2024,0.237800,0.458400,0.278600,0.784700,0.191900
