statistic,n_runs,recall@10,mrr@10,ndcg@10,hit@10,precision@10
mean,5,0.215040,0.423920,0.249820,0.734040,0.170840
std,5,0.032054,0.048716,0.037980,0.056979,0.027213
