interactions,users,items,density,sparse,avg_interaction_per_user,selected_k
1848809,63712,35626,0.0008145237362269323,0.9991854762637731,29.018222626820695,10
