k,users,items,interactions,users_retained_pct,items_retained_pct,interactions_retained_pct,retention_pct,density,sparsity,kcore_iterations,min_user_degree_after,min_item_degree_after,kneedle_distance
1,267818,36181,1228992,100.0,100.0,100.0,100.0,0.00012683196684264115,0.9998731680331574,1,1,1,0.0
3,106497,25197,999241,39.76469094683703,69.64152455708798,81.30573673384367,81.30573673384367,0.00037237801743918625,0.9996276219825608,6,3,3,0.12442835200419933
5,60102,17549,816905,22.441359430658135,48.5033581161383,66.46951322709994,66.46951322709994,0.0007745157543153523,0.9992254842456847,10,5,5,0.2014539813135766
8,31774,10993,616409,11.864027063154829,30.38335037726984,50.15565601728896,50.15565601728896,0.001764740496952486,0.9982352595030475,8,8,8,0.24400332945346104
10,22647,8410,518582,8.456115720377271,23.244244216577762,42.19571811696089,42.19571811696089,0.00272276878128556,0.9972772312187145,12,10,10,0.23654184092635805
15,10867,4654,339938,4.057606284865095,12.863104944584174,27.659903400510338,27.659903400510338,0.006721460781289292,0.9932785392187107,14,15,15,0.1519816893740311
20,5947,2856,228733,2.220537827927921,7.893645836212377,18.611431156590115,18.611431156590115,0.01346705657208234,0.9865329434279176,12,20,20,0.0
