loss,precision@10,recall@10,mrr@10,ndcg@10,hit@10,epochs,components,learning_rate,k,random_state
logistic,0.0676659569144249,0.1214387682267768,0.2243915910404133,0.1110923504989674,0.5,10,30,0.03,10,42
logistic,0.07269807904958725,0.13075481798715202,0.2319588899085687,0.11664424411620446,0.5364025695931478,10,30,0.05,10,42
logistic,0.07462527602910995,0.13484033513476767,0.23837649977906936,0.12119617659823334,0.5438972162740899,20,30,0.03,10,42
logistic,0.073661670088768,0.13226224465517827,0.2357147105808776,0.11879582089364572,0.538543897216274,20,30,0.05,10,42
